,0 Present day longitude (degrees),1 Present day latitude (degrees),2 Reconstructed longitude (degrees),3 Reconstructed latitude (degrees),4 Age (Ma),5 Time before mineralisation (Myr),6 Seafloor age (Myr),7 Segment length (km),8 Slab length (km),9 Distance to trench edge (km),10 Subducting plate normal velocity (km/Myr),11 Subducting plate parallel velocity (km/Myr),12 Overriding plate normal velocity (km/Myr),13 Overriding plate parallel velocity (km/Myr),14 Convergence normal rate (km/Myr),15 Convergence parallel rate (km/Myr),16 Subduction polarity (degrees),17 Subduction obliquity (degrees),18 Distance along margin (km),19 Subduction obliquity signed (radians),20 Ore Deposits Binary Flag (1 or 0)
0,-66.28,-27.37,-65.26481163085454,-28.103780938154774,6.0,0.0,48.18970742731463,56.08069,2436.30907,2436.30907,85.16858,40.6302,-17.43987,12.20271,102.31471,28.82518,5.67505,15.73415,2269.19769,0.27461272381824164,1.0
1,-69.75,-30.5,-67.69675903354074,-31.97063946819363,12.0,0.0,52.32116241518726,56.09672,2490.68735,2490.68735,93.21685,39.60199,-22.80622,13.40127,115.3582,27.39401,5.78937,13.35854,1823.3410699999995,0.23315056730562964,1.0
2,-66.65,-27.27,-65.12868940881981,-28.37477224893749,9.0,0.0,53.50608519483202,55.77705,2823.54951,2823.54951,82.65247,45.32425,-18.08485,11.275,100.24282,34.62444,8.97218,19.0552,2269.19769,0.3325760405578409,1.0
3,-66.61,-27.33,-65.25792819985301,-28.311094485466935,8.0,0.0,51.317134923135015,55.90088,2656.71724,2656.71724,83.85484,43.13319,-17.78538,11.72618,101.21965,31.92962,7.42992,17.50782,2269.19769,0.3055690855447871,1.0
4,-66.55,-27.400000000000002,-65.3669172197012,-28.257580177715152,7.0,0.0,49.340097023541965,56.09011,2547.29585,2547.29585,85.16731,40.57322,-17.43622,12.23778,102.25748,28.80235,5.65657,15.73067,2269.19769,0.27455196056815334,1.0
5,-66.57,-27.28,-65.21778419971913,-28.260958155248442,8.0,0.0,51.46645143619063,55.90088,2656.71724,2656.71724,83.85484,43.13319,-17.78538,11.72618,101.21965,31.92962,7.42992,17.50782,2269.19769,0.3055690855447871,1.0
6,-67.90000000000002,-26.3,-65.39115989688737,-28.03621204471084,14.0,0.0,59.70522931135308,56.14614,2937.75395,2937.75395,93.34837,39.41149,-23.26852,13.45193,116.11452,27.28535,5.46709,13.22382,2325.21126,0.23079921051578606,1.0
7,-70.58,-38.25,-44.67353441225112,-42.07729001389178,85.0,0.0,12.269256227370755,55.39199,2151.81813,2151.81813,23.7279,54.3723,-64.95285,1.30871,78.24529,41.2728,15.23262,27.81074,1051.1445299999998,0.4853889061816376,1.0
8,-70.05,-31.949999999999996,-67.76237460998725,-33.56075375202396,13.0,0.0,52.536887401860476,56.09528,2322.50643,2322.50643,93.2742,39.04452,-22.55457,13.52329,115.01528,26.79653,5.64144,13.11495,1655.4165099999996,0.22889904471172964,1.0
9,-66.6,-24.13,-64.317484018832,-25.721047387013726,13.0,0.0,60.36297724797174,56.15019,3218.30664,3218.30664,92.93702,40.05359,-23.5567,13.30724,116.1828,27.99456,5.64018,13.54734,2549.28917,0.23644560418856966,1.0
10,-70.45,-31.76,-68.78446234434162,-33.00242253672953,10.0,0.0,45.120041449367264,56.07589,2322.36788,2322.36788,84.65928,39.93994,-16.7408,12.40009,100.67874,28.22672,5.74423,15.6616,1711.3882599999995,0.27334644528856644,1.0
11,-66.22,-27.38,-65.20437381509873,-28.113627714904233,6.0,0.0,48.30681660899264,56.08069,2436.30907,2436.30907,85.16858,40.6302,-17.43987,12.20271,102.31471,28.82518,5.67505,15.73415,2269.19769,0.27461272381824164,1.0
12,-66.76,-25.14,-64.01699829366223,-27.00395503961647,15.0,0.0,62.129534406315415,56.16073,3106.42087,3106.42087,93.24983,39.39617,-23.42293,13.43823,116.24982,27.35698,5.48309,13.24243,2437.24556,0.2311239322082463,1.0
13,-67.75,-29.000000000000004,-67.07759997982616,-29.490616729732526,4.0,0.0,43.57487541404618,55.58629,2102.41843,2102.41843,64.70146,49.33884,-18.97616,9.25569,83.52876,40.42652,14.89147,25.8262,2101.9885699999995,0.4507522957805884,1.0
14,-65.87000000000002,-24.2,-63.123394555455135,-26.05606628726658,15.0,0.0,63.266053563770754,56.16512,3218.74892,3218.74892,93.09672,39.54822,-23.5248,13.39993,116.27368,27.54669,5.5292,13.32835,2605.31534,0.2326236110423822,1.0
15,-69.08,-32.42,-66.5374315065424,-34.16390914350472,14.0,0.0,55.83302148500354,56.10011,2266.50887,2266.50887,93.33357,38.68944,-22.46223,13.59475,114.88423,26.44916,5.55528,12.96498,1655.4165099999996,0.22628156171215194,1.0
16,-69.1,-32.48,-66.55728799638143,-34.22403475464711,14.0,0.0,55.69837369109724,56.10011,2266.50887,2266.50887,93.33357,38.68944,-22.46223,13.59475,114.88423,26.44916,5.55528,12.96498,1599.4478999999997,0.22628156171215194,1.0
17,-70.47,-37.43,-59.678625939311964,-42.44427410953341,45.0,0.0,33.87371590944544,59.02215,2898.37931,2898.37931,30.07791,47.91525,-23.22106,13.76089,46.73662,16.26397,19.13779,19.18749,1160.8378699999998,0.33488483897959304,1.0
18,-69.97,-32.57000000000001,-68.46309296677018,-33.685778738242945,9.0,0.0,42.654361792004735,56.06216,2208.83713,2208.83713,84.55097,39.85835,-16.61112,12.39474,100.48606,28.08351,5.71419,15.61444,1599.4478999999997,0.27252335868149785,1.0
19,-67.78,-24.57,-61.59356595303644,-28.340027276898475,29.0,0.0,62.586817148907365,56.27662,3166.34885,3166.34885,58.93082,61.34638,-26.29743,13.51042,80.21046,42.83765,4.55219,28.10514,2493.26622,0.4905272814809223,1.0
20,-67.73,-24.58,-61.01846912734078,-28.50387523285985,31.0,0.0,60.707044270108746,56.28771,3167.03056,3167.03056,59.3122,49.19831,-25.66768,0.93397,79.70314,42.80777,4.35778,28.23981,2493.26622,0.4928776059614747,1.0
21,-67.48,-16.920000000000005,-63.003008150740214,-19.87541199699929,23.0,0.0,69.67854320696333,54.8757,3669.27017,2439.17729,109.99979,-17.66982,-15.04259,25.69831,123.85464,-42.57782,-28.38757,18.97156,3050.40547,-0.3311162043999178,1.0
22,-66.6,-18.44,-62.578350547399815,-21.113117342316542,21.0,0.0,70.53483799187944,55.66454,3612.54939,2605.14028,110.53461,-1.8942,-18.20578,22.96976,127.97605,-23.93471,-20.98566,10.59336,2995.4704500000003,-0.1848889614493812,1.0
23,-65.75,-19.63,-63.71447090070207,-21.080675824569546,12.0,0.0,60.82359832676861,55.50303,3553.42217,2882.78329,98.82862,19.8949,-20.45905,17.94159,119.42524,3.14439,-6.44167,1.50821,2939.8251600000003,0.026323277236275127,1.0
24,-66.45,-20.95,-64.19069478496432,-22.54013508182098,13.0,0.0,61.02038637129196,55.99733,3442.22422,2994.38907,100.40638,10.50674,-18.64111,19.77099,119.25076,-8.00946,-11.80177,3.84249,2772.84261,-0.06706413126214611,1.0
25,-66.03,-20.91,-63.09852167976685,-22.903051580253962,16.0,0.0,65.87109193887659,56.00428,3442.98002,2995.02556,103.80607,35.35649,-18.54939,19.88665,124.00639,18.44845,-11.96498,8.46184,2772.84261,0.1476869498461038,1.0
26,-66.0,-18.7,-61.712000330780036,-21.495871519915,22.0,0.0,70.0131259520542,55.67032,3613.52796,2493.41553,111.24388,-3.51536,-18.22077,23.52746,128.194,-26.40642,-21.05913,11.63944,2939.8251600000003,-0.20314652373119949,1.0
27,-66.79,-18.14,-63.02423087603914,-20.686870986716606,20.0,0.0,70.39584125383158,55.65934,3611.66084,2716.87097,106.34358,16.86624,-15.2154,22.64065,124.51078,-2.43651,-20.92246,1.12106,2995.4704500000003,-0.01956616981245526,1.0
28,-67.13,-17.95,-64.46405735380465,-19.817415994772947,15.0,0.0,63.03412036855372,55.66864,3609.80078,2827.69707,100.4777,-5.47972,-15.40119,22.47903,116.43995,-26.62963,-20.63831,12.88192,2995.4704500000003,-0.22483183013914051,1.0
29,-66.19000000000001,-20.630000000000003,-63.264040147327684,-22.624688357056467,16.0,0.0,65.66616876220135,56.00428,3442.98002,2995.02556,103.80607,35.35649,-18.54939,19.88665,124.00639,18.44845,-11.96498,8.46184,2828.7525600000004,0.1476869498461038,1.0
30,-66.36,-20.48,-63.43812411803234,-22.47640105211476,16.0,0.0,65.55362566469896,56.00428,3442.98002,2995.02556,103.80607,35.35649,-18.54939,19.88665,124.00639,18.44845,-11.96498,8.46184,2828.7525600000004,0.1476869498461038,1.0
31,-71.42,-30.25,-33.01385716448656,-36.8752260644657,112.0,0.0,28.757578395860165,56.0151,1328.43722,1104.31701,56.8621,13.84815,-45.83145,-6.95726,93.72925,6.1476,4.89791,3.75259,1823.3410699999995,0.06549510658040451,1.0
32,-69.61,-24.4,-36.78586107872699,-29.176170706781647,100.0,0.0,32.858444847511784,55.89837,2166.1917,158.17155,38.14281,67.73874,-37.70154,4.38554,62.57214,74.37685,-0.01632,49.9266,2493.26622,0.871383485656762,1.0
33,-69.92,-22.53,-36.70220726363981,-29.23859908022334,142.0,0.0,10.764029385204733,55.5252,111.04204,111.04204,58.36328,-7.96506,8.16391,10.65353,48.96243,47.80307,10.24616,44.31356,2717.40785,0.77341760699687,1.0
34,-69.85,-27.41,-32.92092634098751,-33.82268718202092,109.0,0.0,27.04992617104193,55.73891,1884.9493,544.93331,54.85925,67.95865,-41.52244,15.97146,82.82039,42.36802,9.92286,27.0927,2213.18655,0.4728568147873207,1.0
35,-69.17,-23.16,-59.158763252719396,-27.953121894154457,44.0,0.0,50.25666865430729,61.34337,4350.14361,3126.87412,62.43602,41.59396,-24.56951,19.43368,77.39885,5.32829,3.21175,3.93814,2661.36088,0.06873353473277215,1.0
36,-69.23,-27.870000000000005,-66.7294134351295,-29.614978821364,14.0,0.0,58.171815768005644,55.65244,2825.46402,2825.46402,87.4236,51.2561,-24.72653,10.31063,111.4086,42.1874,13.05174,20.74031,2157.5748599999997,0.36198671371439595,1.0
37,-69.26,-20.04,-57.220343038989085,-25.143372105957237,52.0,0.0,46.24644380138388,59.31998,4478.53325,2919.31805,26.71132,-54.72248,-41.7096,-27.88046,53.28459,-50.03773,-7.47255,43.2001,2939.8251600000003,-0.7539839261786693,1.0
38,-69.08,-24.13,-60.81632589932702,-28.154745408782272,37.0,0.0,56.60148066942494,56.29525,3168.39605,3168.39605,9.31517,14.86092,-26.77428,-1.0645,29.48685,2.95976,3.88152,5.73189,2549.28917,0.10004051107467996,1.0
39,-68.9,-22.28,-61.79206552571369,-26.280689632151553,33.0,0.0,60.78478272728968,56.31281,3336.64301,3111.39708,61.46965,48.65238,-25.65989,1.43082,82.0158,41.34372,3.0893,26.75243,2717.40785,0.46691790265459987,1.0
40,-68.71,-20.96,-61.898517536716255,-24.934314822172553,32.0,0.0,61.461238955206014,56.00598,3447.89563,2999.44983,73.82685,28.92838,-24.22999,8.57449,91.74677,16.37067,-13.15121,10.117,2828.7525600000004,0.17657489840956975,1.0
41,-68.74,-21.95,-60.827774372378194,-25.959969786434538,36.0,0.0,58.53543257761052,55.58482,3392.74949,3056.32862,14.50854,12.29049,-26.89541,3.077,33.05693,-2.17563,-5.02965,3.76548,2772.84261,-0.06571986095280948,1.0
42,-68.89,-20.92,-61.2932316544509,-24.931181318051966,35.0,0.0,59.80591048662891,55.99313,3448.5834,3000.17251,16.57337,9.50831,-26.2408,6.94266,33.0431,-7.0799,-13.37579,12.09349,2828.7525600000004,-0.21107121861576286,1.0
43,-70.3,-33.15,-69.46680460082779,-33.767837491726624,5.0,0.0,37.378517429256185,56.01746,1653.09444,1653.09444,72.52071,37.72952,-16.51963,12.27329,88.83375,25.92542,5.74801,16.26947,1543.4824599999997,0.28395569639029794,1.0
44,-69.72,-18.290000000000003,-67.2966019773634,-20.038189385816096,14.0,0.0,59.006612814979306,54.99074,3664.54186,2772.49615,99.26985,-16.00018,-12.95971,23.97844,112.92236,-38.78406,-26.69289,18.95543,3050.40547,-0.3308346897400913,1.0
45,-68.83,-21.92,-60.921767967180664,-25.93302194797478,36.0,0.0,58.60058662463099,55.58482,3392.74949,3056.32862,14.50854,12.29049,-26.89541,3.077,33.05693,-2.17563,-5.02965,3.76548,2772.84261,-0.06571986095280948,1.0
46,-69.55,-26.250000000000004,-59.90457736205421,-30.67682433109905,42.0,0.0,50.061258542346245,61.46313,4029.71837,3540.82782,56.03462,42.27855,-23.59778,18.86557,70.4941,6.64614,3.80739,5.38589,2325.21126,0.09400152249212544,1.0
47,-69.08,-22.989999999999995,-62.98277099405798,-26.792427109393333,29.0,0.0,63.115237682616744,56.29641,3278.92351,3166.3307,60.95641,60.38736,-26.15782,13.92837,82.18109,41.53921,3.59804,26.81475,2661.36088,0.46800563843989773,1.0
48,-70.46,-34.09,-69.62617266025926,-34.70804686804751,5.0,0.0,36.04511992668968,54.66403,1597.07698,1597.07698,65.87519,48.44113,-18.13788,9.59095,83.72755,39.28127,14.68272,25.1339,1487.5202099999997,0.43866924755679065,1.0
49,-69.06,-22.97,-59.77981777350181,-27.19602400593315,41.0,0.0,53.979244562354154,61.56544,4454.20445,3103.46067,57.68154,40.2739,-25.48758,19.09116,74.83998,4.96871,2.77021,3.79836,2661.36088,0.06629383009504958,1.0
50,-68.82,-23.41,-59.269283411850225,-27.813742454625167,42.0,0.0,52.34593245081541,61.47064,4337.05665,3233.48954,60.89398,42.48648,-24.76561,18.77952,76.93376,6.9083,3.90637,5.13113,2605.31534,0.08955524340666056,1.0
51,-69.87,-26.770000000000003,-54.673385744985104,-29.548050038126963,63.0,0.0,29.941049455510484,56.01012,2042.49021,2042.49021,-25.73738,-5.06707,-23.25662,-10.09082,-2.97619,-14.96547,8.95381,78.75231,2269.19769,1.3744870924098027,1.0
52,-69.08,-24.2,-60.54025812892152,-28.229748818569,38.0,0.0,55.79815749825827,56.2961,3168.5465,3168.5465,9.55293,15.42661,-26.75828,-1.01108,29.70281,3.05463,3.8239,5.87164,2549.28917,0.10247950328074418,1.0
53,-69.07,-24.270000000000003,-60.79999445310529,-28.29430232997702,37.0,0.0,56.528595580937335,56.29525,3168.39605,3168.39605,9.31517,14.86092,-26.77428,-1.0645,29.48685,2.95976,3.88152,5.73189,2549.28917,0.10004051107467996,1.0
54,-69.88,-28.63,-62.28525091771117,-32.66323828031029,34.0,0.0,54.9583604790124,55.77718,2718.59486,2718.59486,4.34211,18.13188,-25.68769,-4.98865,25.08724,11.06737,13.10478,23.80492,2101.9885699999995,0.4154744115327768,1.0
55,-69.28,-27.27,-64.89944441846116,-30.117284636135334,22.0,0.0,65.36538204032041,55.73202,2828.5107,2828.5107,92.49672,57.1075,-27.51895,9.9208,117.69001,46.84753,12.0612,21.70546,2213.18655,0.3788317056746924,1.0
56,-69.08,-20.18,-62.55758580379261,-24.143178372737296,31.0,0.0,62.24772591582034,55.37071,3558.97463,2887.66492,73.17934,32.87823,-24.68904,7.12205,92.03651,21.65826,-9.62125,13.24206,2939.8251600000003,0.23111754374413465,1.0
57,-69.03,-27.23,-66.75822547891075,-28.83556985608,13.0,0.0,57.52575178246822,56.1363,2881.43971,2881.43971,93.315,39.57764,-23.22085,13.42676,116.03516,27.40117,5.49577,13.28673,2213.18655,0.231897144815909,1.0
58,-69.51,-23.450000000000003,-55.4874439054638,-26.916437303854828,58.0,0.0,37.128887962608175,56.24213,2546.98086,2546.98086,-20.86803,-26.33419,-23.83018,-32.71937,0.11971,-13.7184,7.18633,89.50003,2605.31534,-1.5620703119818193,1.0
59,-70.27,-33.13,-69.43662849364699,-33.74779750388038,5.0,0.0,37.592544908237606,56.01746,1653.09444,1653.09444,72.52071,37.72952,-16.51963,12.27329,88.83375,25.92542,5.74801,16.26947,1543.4824599999997,0.28395569639029794,1.0
60,-70.5,-31.71,-68.83536014976343,-32.9525700840757,10.0,0.0,45.120041449367264,56.07589,2322.36788,2322.36788,84.65928,39.93994,-16.7408,12.40009,100.67874,28.22672,5.74423,15.6616,1711.3882599999995,0.27334644528856644,1.0
61,-68.91,-22.38,-61.528516134207486,-26.38669923817255,34.0,0.0,59.962491049577636,56.31317,3336.83305,3111.58536,16.2933,16.73262,-26.894,-0.54145,36.6277,6.2141,3.03095,9.62888,2717.40785,0.16805555978330353,1.0
62,-69.24,-22.56,-53.59660914567904,-25.308672513316534,64.0,0.0,33.08900626343075,56.22489,2491.62902,2491.62902,-0.63852,26.12495,-25.08619,-9.30583,18.63708,10.07117,7.04171,28.38607,2717.40785,0.49543011280849064,1.0
63,-69.02,-27.17,-66.74849216301244,-28.775516848332572,13.0,0.0,57.620559223447735,56.1363,2881.43971,2881.43971,93.315,39.57764,-23.22085,13.42676,116.03516,27.40117,5.49577,13.28673,2213.18655,0.231897144815909,1.0
64,-69.28,-19.81,-55.165744192146725,-23.281816610335717,58.0,0.0,40.166077936051686,55.30641,2882.99956,2882.99956,-25.6651,-18.9504,-35.11605,-23.27036,0.45993,-13.89446,-10.96446,88.10411,2939.8251600000003,-1.537706726673007,1.0
65,-68.97,-22.47,-61.043934345348596,-26.487359115048914,36.0,0.0,58.36989364607023,56.31394,3337.16467,3111.91344,11.84275,14.11674,-27.00207,-0.65757,32.11902,2.34081,2.91044,4.16831,2717.40785,0.07275062698686978,1.0
66,-69.12,-23.3,-60.07714154266269,-27.342844597242255,40.0,0.0,54.77868348662961,56.31407,3281.4512,3168.82306,11.9651,16.37326,-26.87475,-0.4592,32.04529,2.72825,2.72892,4.86628,2661.36088,0.0849325045383724,1.0
67,-69.42,-26.49,-61.06621011669283,-30.524684665747156,37.0,0.0,54.56133288246216,56.28905,2886.93206,2886.93206,5.13621,14.83714,-26.40539,-0.97669,24.76011,2.87028,3.78788,6.61241,2269.19769,0.11540843244685076,1.0
68,-70.25,-27.480000000000004,-32.933724336653974,-34.12632285137717,110.0,0.0,26.85893345417871,55.74513,1884.64003,544.38719,54.62758,68.18215,-41.35253,16.68427,82.02187,42.13199,10.16294,27.18811,2157.5748599999997,0.47452193267661724,1.0
69,-69.83,-21.92,-33.020557349815775,-29.06192290495385,132.0,0.0,13.192213795473986,56.12101,169.64942,169.64942,46.82017,18.14614,36.63626,3.26405,15.66969,111.99724,-2.92114,82.03537,2772.84261,1.4317872888364873,1.0
70,-68.8,-21.0,-60.927689138699265,-25.012613919574274,36.0,0.0,59.06654091748559,55.9897,3448.73919,3000.33892,16.98107,9.97083,-26.21255,6.98952,33.29749,-7.06381,-13.43512,11.9773,2828.7525600000004,-0.20904323430999847,1.0
71,-68.97,-19.87,-61.14694645565242,-23.88903022217399,36.0,0.0,59.94449245164028,55.32149,3560.11728,2888.96083,18.10834,10.7861,-26.64751,5.64032,35.44935,-5.39465,-10.41796,8.65283,2939.8251600000003,-0.15102040755492427,1.0
72,-69.27,-27.38,-64.62541187465452,-30.363544989373267,23.0,0.0,64.65172916798447,55.74895,2829.19458,2829.19458,92.58157,56.9411,-27.48745,10.03318,117.63495,46.51365,11.87697,21.57418,2213.18655,0.37654039398707295,1.0
73,-70.3,-28.500000000000004,-54.94223923933477,-31.20736647394674,64.0,0.0,27.450378124132566,55.46256,1875.20743,1875.20743,-13.51956,24.63995,-21.01713,-13.14121,5.46524,11.73762,17.2834,65.03249,2101.9885699999995,1.1350311449092543,1.0
74,-70.27,-33.14,-69.43660929595669,-33.75779749114145,5.0,0.0,37.45678066169858,56.01746,1653.09444,1653.09444,72.52071,37.72952,-16.51963,12.27329,88.83375,25.92542,5.74801,16.26947,1543.4824599999997,0.28395569639029794,1.0
75,-69.34,-22.88,-53.7118808315239,-25.625022749749203,64.0,0.0,32.85734885651066,56.22489,2491.62902,2491.62902,-0.63852,26.12495,-25.08619,-9.30583,18.63708,10.07117,7.04171,28.38607,2661.36088,0.49543011280849064,1.0
76,-69.3,-22.84,-55.533824856779844,-26.567881252337067,57.0,0.0,38.364341400279436,56.29313,2661.06501,2661.06501,-20.43862,-26.66688,-25.04651,-32.48748,0.91446,-13.89691,5.89189,86.2352,2661.36088,-1.5050879403540476,1.0
77,-68.95,-22.42,-60.48301237105629,-26.446474750714145,38.0,0.0,56.93084547068741,56.31481,3337.47136,3112.21617,12.34311,15.2388,-26.97161,-0.55271,32.5693,2.52231,2.79819,4.4284,2717.40785,0.07729013018011918,1.0
78,-72.15,-46.03,-36.91021523090913,-50.90232147546039,100.0,0.0,10.722474949608852,57.94036,828.82664,133.97427,67.43687,14.26894,-34.49535,3.75056,88.18155,103.24811,2.11564,49.50021,55.26908,0.8639417126736773,1.0
79,-68.64,-20.989999999999995,-61.0331619095003,-24.99295347844787,35.0,0.0,59.69816557388283,55.99313,3448.5834,3000.17251,16.57337,9.50831,-26.2408,6.94266,33.0431,-7.0799,-13.37579,12.09349,2828.7525600000004,-0.21107121861576286,1.0
80,-70.23,-32.88,-68.40264048902822,-34.213679289645135,11.0,0.0,45.91757993945679,56.07346,2210.15605,2210.15605,87.61726,35.85863,-14.92946,8.78357,101.71757,27.87996,5.68358,15.32787,1543.4824599999997,0.2675217431959585,1.0
81,-69.09,-24.24,-60.275900413611076,-28.275387082485743,39.0,0.0,54.902524623192356,56.29701,3168.69066,3168.69066,9.78375,15.99364,-26.74215,-0.9569,29.91041,3.15114,3.76628,6.01407,2549.28917,0.10496541766109677,1.0
82,-77.32,8.49,-77.9416522643795,5.132649415220556,48.0,0.0,63.917589872304745,54.8709,221.37307,221.37307,66.69457,-91.73572,18.89374,-4.82444,83.22391,-37.39552,-78.22868,24.19611,6107.563290000002,-0.42230181770021846,1.0
83,-75.03,3.52,-40.12960831214887,0.5038336518406109,166.0,0.0,70.27746196502126,55.29535,4046.6437,365.23922,35.22415,53.64949,7.21986,-24.22982,36.03927,54.80023,34.09875,56.66916,6107.563290000002,0.9890633249088674,1.0
84,-75.3,4.18,-37.69775170595901,-2.7987125270011703,131.0,0.0,31.003863630316104,56.073,2772.96654,-19.63865,27.81767,26.3722,12.06283,15.53749,30.53145,-24.24366,33.35609,38.45151,6107.563290000002,-0.6711056053991784,1.0
85,-76.67,1.24,-42.003711575658095,-1.5869666642732099,166.0,0.0,69.32057190740296,55.83106,3826.74489,585.13804,18.5075,60.59132,12.56689,-21.6753,18.68713,61.85366,49.00791,73.18946,6051.7942600000015,1.2773971631259473,1.0
86,-76.75,7.05,-75.89761117048316,6.1273993217143525,55.0,0.0,55.81544712796244,54.25088,164.96884,164.96884,28.60398,-76.37269,-50.16855,-16.20455,99.95709,-10.14757,-48.08159,5.79677,6107.563290000002,-0.10117264484159555,1.0
87,-76.5,6.7,-67.70899881865806,1.8861012512194675,43.0,0.0,77.24347261244321,55.59913,1553.515,-4.1861,27.58223,25.62371,13.28463,-15.41957,13.12163,40.15523,-105.19254,71.90402,6107.563290000002,1.254961983449842,1.0
88,-76.88,2.1,-73.98925043257272,-0.11215612922700581,17.0,0.0,56.36412903065912,56.19073,6441.25475,-2.7347,35.45547,70.57576,-27.15095,2.42282,63.29226,73.63244,31.81575,49.31862,6107.563290000002,0.8607723711949103,1.0
89,-79.15000000000002,-1.67,-75.65660545476987,-4.331347547843487,20.0,0.0,41.37880602286494,56.03681,6104.83205,223.69976,64.57291,49.14881,-24.24105,12.70008,91.83299,42.24925,9.55411,24.70556,5491.526960000002,0.43119333520574177,1.0
90,-79.12,-1.38,-75.62774834693948,-4.041225043822588,20.0,0.0,41.71422977740474,56.26038,6161.09243,167.43938,58.34662,55.53991,-25.41177,10.11845,86.20986,51.5064,15.50105,30.85636,5491.526960000002,0.5385451188538555,1.0
91,-79.42000000000002,-2.93,-77.71033266023254,-4.274206477129483,11.0,0.0,30.198151277195326,56.19119,5935.87996,499.93138,81.8747,29.42233,-17.90204,8.10605,100.37617,22.69228,6.32899,12.73885,5323.604040000002,0.22233491769910133,1.0
92,-78.88,-4.02,-43.90417980796062,-9.894811142631513,141.0,0.0,49.34677206833476,56.20227,2318.95889,1196.72304,57.06649,52.93209,14.78279,15.07548,39.86598,0.6829,12.95017,0.98137,5211.449710000002,0.01712821851028762,1.0
93,-78.95,-4.25,-45.30743948627396,-9.934268395725471,154.0,0.0,49.88736267064924,56.13941,2259.51452,1701.10509,52.34566,49.15936,3.20845,-30.37356,41.45231,23.85901,12.26494,29.92376,5155.370840000001,0.5222680519785613,1.0
94,-79.33,-3.58,-77.7730706051108,-4.833459757358687,10.0,0.0,29.43857019261741,56.18848,5879.79484,556.02131,80.18959,34.764,-18.67114,11.95224,99.36039,24.02563,6.91122,13.59337,5267.528980000002,0.23724898643219838,1.0
95,-79.68,-3.05,-76.38050193225102,-5.565481466941368,19.0,0.0,39.673939303133174,56.24871,5935.59884,504.00776,69.61168,45.75038,-23.50612,14.07753,96.12874,36.98642,6.16296,21.04469,5267.528980000002,0.36729913653836954,1.0
96,-78.58,0.33,-77.48583151035218,-0.5438289809429205,7.0,0.0,26.362861245174628,56.15859,6050.92851,164.44376,63.64995,56.34223,-21.46198,5.83787,85.31724,51.42732,23.77416,31.08063,5771.718730000001,0.5424593406994195,1.0
97,-80.0,-4.33,-77.69292035677564,-6.110848847342604,14.0,0.0,35.74233820688231,56.21201,5767.04601,669.992,86.43954,31.97052,-23.81819,13.57837,111.19082,20.54249,6.85629,10.46736,5155.370840000001,0.1826899068218061,1.0
98,-78.9,-4.65,-45.29308179820534,-10.337114745205232,154.0,0.0,49.25206279036886,56.13582,2203.37511,1757.2445,51.72613,49.128,3.3106,-30.37553,40.42106,23.83434,12.24853,30.5258,5155.370840000001,0.532775583356234,1.0
99,-78.5,-3.6,-44.795635867033056,-9.326453033601677,154.0,0.0,51.138434698431105,56.14282,2315.65733,1644.96228,52.96269,49.18943,3.10508,-30.37176,42.48114,23.88297,12.28046,29.34477,5267.528980000002,0.512162845280946,1.0
100,-79.58,-4.2,-77.27180383420003,-5.980647332530275,14.0,0.0,36.08531951330164,56.21272,5823.25873,613.77928,86.0576,31.98866,-23.81845,13.57336,110.84024,20.56584,6.86201,10.5114,5155.370840000001,0.1834585719075538,1.0
101,-78.42,-3.6500000000000004,-44.719479631188506,-9.383267518096389,154.0,0.0,51.07250329244975,56.14282,2315.65733,1644.96228,52.96269,49.18943,3.10508,-30.37176,42.48114,23.88297,12.28046,29.34477,5267.528980000002,0.512162845280946,1.0
102,-79.13,-1.57,-76.62452668976967,-3.4963246142329245,15.0,0.0,37.874938974121484,55.99875,6104.01385,333.48399,82.50007,35.81407,-24.38013,12.45415,107.98924,25.70859,9.60794,13.39092,5491.526960000002,0.23371571789123277,1.0
103,-79.25,-4.25,-45.60994972163683,-9.907628277459368,154.0,0.0,49.68366659224136,56.13941,2259.51452,1701.10509,52.34566,49.15936,3.20845,-30.37356,41.45231,23.85901,12.26494,29.92376,5155.370840000001,0.5222680519785613,1.0
104,-78.6,-3.7800000000000002,-44.9124439123507,-9.496979644126002,154.0,0.0,50.77347435999466,56.14282,2315.65733,1644.96228,52.96269,49.18943,3.10508,-30.37176,42.48114,23.88297,12.28046,29.34477,5211.449710000002,0.512162845280946,1.0
105,-77.9,-8.56,-77.11806319466794,-9.182456910826632,5.0,0.0,33.450351484091435,55.8602,4538.94459,1452.78202,71.95628,-15.97453,-7.08235,20.75678,79.59471,-36.35855,-31.80707,24.55073,4484.406400000001,-0.42849113950073575,1.0
106,-75.92,-13.23,-44.16611364755373,-18.4560110056698,100.0,0.0,32.03225168054377,54.51687,1026.9985,1026.9985,81.14885,28.72562,-20.66937,31.55545,77.61269,-10.91168,-47.08016,8.00284,3872.1732899999997,-0.13967596683243783,1.0
107,-73.58,-15.820000000000002,-41.585864970420985,-20.892499639980187,100.0,0.0,28.12278375230903,53.11687,594.12355,594.12355,82.51071,11.13778,-13.66562,35.30051,68.31273,-26.43066,-60.63336,21.1518,3432.7810499999996,-0.36916843274282235,1.0
108,-78.18,-8.17,-76.62135372543983,-9.423746120762345,10.0,0.0,36.21769539427019,55.80638,5151.66024,1284.15591,88.20605,-21.54619,-7.46307,20.67848,96.54287,-41.46539,-30.22073,23.24364,4540.082800000001,-0.40567799324683035,1.0
109,-75.15,-14.18,-43.31300548437045,-19.356421823574067,100.0,0.0,30.27569802927772,54.14387,863.69934,863.69934,81.25729,25.17951,-19.37352,32.43459,75.12713,-14.23479,-49.99504,10.72899,3706.71098,-0.1872561798868557,1.0
110,-71.35,-14.96,-63.76172463656419,-19.05732622421458,36.0,0.0,66.11249890347969,54.21157,3995.56482,2453.51329,27.18793,-3.19212,-18.40975,20.45889,32.1135,-26.62543,-46.03111,39.66226,3378.69739,-0.6922370548472985,1.0
111,-79.28,-6.08,-76.76897441490155,-8.006517906863731,15.0,0.0,38.93338802102501,56.13038,5431.52869,1005.96915,93.25413,-13.06337,-14.59766,23.19484,109.63198,-34.66243,-21.20948,17.54543,4820.128840000001,-0.3062255742156268,1.0
112,-69.9,-17.68,-55.44525064076276,-20.883490380178813,59.0,0.0,42.64210721917584,55.06714,2993.95169,2773.28348,-29.58268,-7.82724,-41.95736,-8.64202,-2.44264,-13.45893,-31.81935,79.71345,3105.50119,1.3912620506855842,1.0
113,-78.61,-6.76,-76.90077119832576,-8.104683002203705,11.0,0.0,35.30972787105676,56.10613,5375.86882,1059.94252,89.13006,-12.36921,-11.85727,15.33189,101.93487,-26.68921,-21.09118,14.67217,4708.085680000001,-0.25607777352817723,1.0
114,-76.25,-10.63,-73.91675841317193,-12.405636986050567,14.0,0.0,47.11797251140619,55.75403,4816.11943,1620.91858,92.84252,-29.02344,-10.27443,25.34115,104.64774,-53.14254,-31.7018,26.92251,4149.62273,-0.4698864868746143,1.0
115,-71.55,-16.55,-57.722884618384995,-20.242066505053824,57.0,0.0,46.24053075469541,54.39636,3214.2145,2555.77451,-29.98082,-3.40381,-44.23188,-0.54562,-3.16567,-12.83985,-43.02373,76.14993,3269.43081,1.3290669832282769,1.0
116,-71.59,-16.539999999999996,-56.281671658221356,-19.32306480541446,62.0,0.0,42.79981850502834,54.60571,3100.857,2552.73306,-12.42118,11.03058,-25.03813,13.69656,-3.39498,-14.49798,-42.10005,76.82055,3269.43081,1.3407718568977158,1.0
117,-72.33,-14.030000000000001,-64.79229508950812,-18.156665302359507,36.0,0.0,67.30374084397396,52.89862,4048.46344,2400.61467,25.77892,-11.2355,-11.54553,25.00706,23.60244,-35.08636,-63.15977,56.07145,3432.7810499999996,-0.9786314521421683,1.0
118,-71.36,-16.77,-60.2146000772849,-22.49054605052544,50.0,0.0,52.82475239740212,57.72322,4764.00631,2611.68676,36.9516,-41.92082,-11.59742,19.83594,20.7393,-69.27915,-44.87791,73.33448,3214.7205599999998,-1.2799282004166075,1.0
119,-75.42,-14.23,-43.58650454995354,-19.423152896401938,100.0,0.0,30.4596377255177,54.32652,918.02587,918.02587,80.67902,28.0425,-20.47393,31.73009,76.23188,-11.5588,-47.82928,8.62191,3761.8209899999997,-0.15048062011550423,1.0
120,-71.77,-14.46,-64.99369280510054,-18.54661149297892,33.0,0.0,68.14361693472168,54.22979,3995.23393,2452.80616,82.09016,-17.73689,-15.33921,20.54976,90.63912,-38.51458,-45.85698,23.02172,3378.69739,-0.4018048017833795,1.0
121,-71.26,-14.949999999999996,-64.94088114520667,-18.97014959271852,31.0,0.0,66.92349374103432,54.25624,3994.78698,2451.85257,81.99508,-18.34283,-15.37487,20.51356,90.93681,-38.74857,-45.6414,23.07907,3378.69739,-0.40280566690306124,1.0
122,-72.35,-14.18,-64.80801154588896,-18.3071758173676,36.0,0.0,67.18423301733813,52.89862,4048.46344,2400.61467,25.77892,-11.2355,-11.54553,25.00706,23.60244,-35.08636,-63.15977,56.07145,3432.7810499999996,-0.9786314521421683,1.0
123,-70.71,-17.05,-59.14276148400755,-22.460995279649133,51.0,0.0,51.4927071064391,57.72121,4709.04178,2677.24734,-0.00605,-58.33626,-52.05648,0.16328,24.93357,-68.51336,-40.96743,70.0024,3160.06366,-1.2217724116337465,1.0
124,-70.7,-17.039999999999996,-59.13254983797302,-22.45087872640869,51.0,0.0,51.4927071064391,57.72121,4709.04178,2677.24734,-0.00605,-58.33626,-52.05648,0.16328,24.93357,-68.51336,-40.96743,70.0024,3160.06366,-1.2217724116337465,1.0
125,-78.32,-7.02,-75.40083926144068,-9.237105716640999,17.0,0.0,43.18306749275225,56.11782,5319.11905,1119.401,90.71623,7.86813,-14.52596,23.2331,109.27432,-12.25943,-21.21005,6.40122,4708.085680000001,-0.11172232054719528,1.0
126,-75.72,-13.77,-43.925176530391106,-18.98265006068272,100.0,0.0,31.10981732814894,54.45576,972.48163,972.48163,80.7012,28.99227,-20.81039,31.48711,77.00768,-10.65694,-47.02125,7.87901,3816.9754299999995,-0.13751459565445628,1.0
127,-79.12,-6.36,-77.21075742907884,-7.84936378551589,12.0,0.0,35.62039613143454,56.11904,5431.86539,1004.34007,93.44542,-12.28684,-14.75512,23.09085,109.5955,-34.05569,-21.13668,17.2621,4764.103460000001,-0.3012805191682815,1.0
128,-78.58,-7.12,-77.02251500564547,-8.37370382919071,10.0,0.0,34.77739064031658,56.09339,5319.90988,1115.90627,89.78409,-7.4616,-10.70018,19.24973,101.29288,-25.82276,-21.08494,14.30188,4708.085680000001,-0.24961479352754037,1.0
129,-72.99,-14.46,-65.45280906538216,-18.60524956356855,36.0,0.0,66.73603113545452,52.89862,4048.46344,2400.61467,25.77892,-11.2355,-11.54553,25.00706,23.60244,-35.08636,-63.15977,56.07145,3432.7810499999996,-0.9786314521421683,1.0
130,-73.13,-14.16,-66.63012780640196,-18.252402233749336,32.0,0.0,67.38958924152949,54.46307,4209.31404,2238.03141,83.60158,-18.41497,-15.12387,20.66757,92.47225,-39.02757,-45.61459,22.882,3596.62819,-0.39936617040557043,1.0
131,-76.14,-12.98,-44.4079081766522,-18.219929596404953,100.0,0.0,32.68829757411805,54.51687,1026.9985,1026.9985,81.14885,28.72562,-20.66937,31.55545,77.61269,-10.91168,-47.08016,8.00284,3872.1732899999997,-0.13967596683243783,1.0
132,-77.77,-8.22,-75.24797009142534,-10.14392017435683,15.0,0.0,42.906602090559666,55.88233,5095.17166,1342.32618,91.13172,-30.10285,-10.06623,25.45813,103.03063,-54.28621,-31.94581,27.78447,4484.406400000001,-0.4849305246124671,1.0
133,-78.32,-7.300000000000001,-74.79701846170947,-9.957552138195487,20.0,0.0,46.08669358246126,56.12449,5263.41803,1065.11378,90.89308,6.14316,-14.3939,23.31505,110.10892,-13.50418,-21.26313,6.99205,4652.075990000001,-0.12203440752083922,1.0
134,-78.36,-6.910000000000001,-75.64242442442786,-8.981001881014436,16.0,0.0,41.97709897360282,56.11399,5319.1997,1118.80588,90.88353,8.46979,-14.57649,23.19973,109.21051,-11.81244,-21.18427,6.17323,4708.085680000001,-0.10774325584689348,1.0
135,-69.66,-14.999999999999998,-65.25313901177681,-17.991399447980573,23.0,0.0,69.03025150679373,54.29358,3832.79833,2275.64912,100.53252,-48.7935,-7.03729,28.96224,106.86789,-76.68492,-44.87111,35.66199,3214.7205599999998,-0.6224191603235779,1.0
136,-78.0,-8.79,-75.47803257143516,-10.71440115875033,15.0,0.0,43.24199831990763,55.88233,5095.17166,1342.32618,91.13172,-30.10285,-10.06623,25.45813,103.03063,-54.28621,-31.94581,27.78447,4428.555510000001,-0.4849305246124671,1.0
137,-75.35,-13.93,-43.535097398671645,-19.119417546759166,100.0,0.0,30.73835953371849,54.32652,918.02587,918.02587,80.67902,28.0425,-20.47393,31.73009,76.23188,-11.5588,-47.82928,8.62191,3761.8209899999997,-0.15048062011550423,1.0
138,-76.08,-11.48,-74.98085876127324,-12.353639033586827,7.0,0.0,40.871721188414725,55.70801,4371.57581,1843.79646,89.64301,-22.71718,-7.01294,20.72276,97.14479,-42.92095,-31.54218,23.83701,4093.90633,-0.4160344299576972,1.0
139,-71.31,-14.98,-63.19352253106613,-19.090661186899077,38.0,0.0,65.21805433189023,54.20031,3995.75318,2453.93434,28.36131,-2.84764,-18.3214,20.50743,32.56408,-26.85797,-46.13853,39.51488,3378.69739,-0.6896648886216054,1.0
140,-70.62,-17.110000000000003,-57.870437125595494,-21.645857357237034,54.0,0.0,48.14713046692669,57.54878,4721.97633,2584.46973,-15.63355,-65.33989,-51.49646,2.48271,12.98018,-79.90032,-42.30809,80.77264,3160.06366,-1.4097485878187963,1.0
141,-79.31,-4.94,-76.60079500084889,-7.01298536277902,16.0,0.0,39.39544530200746,56.22552,5710.7209,727.28468,71.81491,48.26172,-23.7527,13.69383,97.78915,38.99787,6.80337,21.74189,5099.292430000001,0.37946755776586455,1.0
142,-78.67,-6.73,-76.55779550279149,-8.36446352619988,13.0,0.0,37.637603583500095,56.11327,5375.62294,1060.99034,93.71927,-12.45634,-14.71582,23.11214,109.92842,-34.15237,-21.13643,17.25888,4708.085680000001,-0.30122434311580526,1.0
143,-75.09000000000002,-13.69,-43.28494345391831,-18.86368647403465,100.0,0.0,30.874156178130594,54.32652,918.02587,918.02587,80.67902,28.0425,-20.47393,31.73009,76.23188,-11.5588,-47.82928,8.62191,3761.8209899999997,-0.15048062011550423,1.0
144,-71.31,-14.910000000000002,-64.51064554421363,-18.98400608212407,33.0,0.0,67.52542552699681,54.22979,3995.23393,2452.80616,82.09016,-17.73689,-15.33921,20.54976,90.63912,-38.51458,-45.85698,23.02172,3378.69739,-0.4018048017833795,1.0
145,-70.61,-17.25,-56.775509780161244,-20.95797056434315,57.0,0.0,44.767744025583774,54.55532,3105.48511,2664.5039,-30.13294,-7.2044,-43.10744,-6.01135,-3.05708,-13.27601,-36.08873,77.03247,3160.06366,1.3444705767363687,1.0
146,-76.13,-11.6,-74.87444247295784,-12.59979062874101,8.0,0.0,41.6282279251039,55.70143,4482.0119,1729.25206,89.65768,-22.69556,-6.97742,20.74007,97.1916,-42.83987,-31.52538,23.78681,4093.90633,-0.41515807456002835,1.0
147,-66.28,-27.37,-51.012897047318454,-30.262712397781037,63.0,0.0,28.84759246803752,56.01012,2042.49021,2042.49021,-25.73738,-5.06707,-23.25662,-10.09082,-2.97619,-14.96547,8.95381,78.75231,2269.19769,1.3744870924098027,0.0
148,-69.37,-31.3,-30.82057993229818,-36.690570351193074,119.0,0.0,23.43533792579974,56.02455,1382.65074,1270.60163,45.08005,16.24689,2.0936,-19.01913,32.90287,9.20687,6.06727,15.63266,1767.3631199999995,0.2728414689483884,0.0
149,-69.75,-30.5,-57.91994444183255,-35.897474901284326,51.0,0.0,37.07783204748083,60.2347,3394.0498,3394.0498,19.59995,-42.51352,-25.84978,-36.50992,33.71121,-32.54235,5.37703,43.98928,1823.3410699999995,-0.7677577716328406,0.0
150,-66.65,-27.27,-64.95860381975842,-28.49849244951368,10.0,0.0,55.61003041760103,56.11731,2881.1541,2881.1541,85.16457,40.39139,-17.42658,12.33984,102.09012,28.72002,5.59967,15.71237,2269.19769,0.27423256779934724,0.0
151,-66.61,-27.33,-28.03202063658551,-32.80861297614033,118.0,0.0,22.256682126269812,55.78212,1884.96281,768.70659,21.00348,14.44393,2.1059,-18.84154,25.24298,-49.45319,11.05531,62.95833,2269.19769,-1.0988301394481323,0.0
152,-66.55,-27.400000000000002,-34.911579301985626,-31.8388166821695,96.0,0.0,44.78180647705088,55.74259,1607.81502,604.28523,-59.69941,209.277,-37.87466,-1.51077,-65.00179,208.53003,8.54777,72.687,2269.19769,-1.268627426498539,0.0
153,-66.57,-27.28,-34.75601922987584,-33.148219522792274,157.0,0.0,17.17257462714679,55.73812,55.73812,55.73812,16.34865,25.14279,9.35495,-26.97723,-6.1151,1.43958,10.25666,13.24706,2269.19769,-0.23120423414367172,0.0
154,-67.90000000000002,-26.3,-57.46409242475955,-31.241837887185934,45.0,0.0,47.06685782651433,61.24892,3988.61483,3501.04432,57.61623,37.75503,-23.53825,19.29538,71.63634,2.53504,4.07494,2.02671,2325.21126,0.03537286519180447,0.0
155,-70.58,-38.25,-51.343181293059224,-41.221717692475416,74.0,0.0,11.954349142250873,54.45965,551.80163,551.80163,-41.79644,38.38009,-48.59429,-5.92458,2.02048,17.43225,17.56397,83.38865,1051.1445299999998,1.455406483820636,0.0
156,-69.17,-29.999999999999996,-37.27104583426518,-32.27478189444609,171.0,0.0,16.30963631245746,54.79545,54.79545,54.79545,14.82247,32.49927,-6.1388,-29.18205,13.73569,27.0872,21.04795,63.11083,1879.3220699999995,1.1014915922965651,0.0
157,-70.05,-31.949999999999996,-47.24048634203505,-35.35631707299477,80.0,0.0,13.206023761536123,55.88553,1155.40309,1155.40309,-80.34237,31.47196,-50.55428,1.36449,-33.69764,-8.60032,7.95333,14.3174,1655.4165099999996,0.24988576985623492,0.0
158,-66.6,-24.13,-30.965347675060727,-31.2194408535425,135.0,0.0,16.82467618739554,55.96788,55.96788,55.96788,44.96049,16.7531,41.83369,-3.24174,-10.15211,108.6475,7.93883,84.66174,2549.28917,-1.477626054310291,0.0
159,-70.45,-31.76,-38.090343297523965,-32.99096327159153,175.0,0.0,16.704750591507427,54.70209,1110.65802,12.24499,44.15856,4.39271,-3.60724,-29.93455,16.14567,70.66365,27.80455,77.12964,1711.3882599999995,1.3461661415333102,0.0
160,-66.22,-27.38,-60.95512948581058,-30.57598146150936,25.0,0.0,65.2892070640686,56.23798,2884.19984,2884.19984,58.00343,52.57757,-26.08951,13.39177,80.0112,35.81551,4.7431,24.11478,2269.19769,0.4208822903920363,0.0
161,-66.76,-25.14,-58.91935330059196,-29.07584682660007,35.0,0.0,57.41362133359281,56.29233,3111.78945,3111.78945,7.98332,13.72885,-26.73749,-1.15336,28.09224,2.75814,3.98236,5.60742,2437.24556,0.0978678964441342,0.0
162,-70.63,-39.18000000000001,-41.29342271731498,-42.85687542864443,164.0,0.0,34.90226989931541,55.31811,556.66529,556.66529,54.46103,-9.1108,13.61249,-26.98674,24.9541,45.07255,16.3809,61.02921,885.23397,1.0651605206424153,0.0
163,-67.75,-29.000000000000004,-38.46414364381866,-33.36434368440482,90.0,0.0,14.48754957722405,55.89618,279.39562,279.39562,-36.86388,186.89604,-64.07753,4.23361,-11.51008,180.60741,9.58232,86.35348,2101.9885699999995,-1.5071525639725873,0.0
164,-65.87000000000002,-24.2,-36.416895623759395,-28.50035551459636,91.0,0.0,33.84097066704929,55.81766,1057.74803,388.53273,-12.47952,189.79363,-37.88531,2.70006,-9.02307,179.25956,1.63135,87.11844,2605.31534,-1.5205035492401182,0.0
165,-69.08,-32.42,-57.98199710132357,-37.7828294699063,47.0,0.0,38.879257455556996,61.05228,3272.50341,3272.50341,47.25183,39.15694,-20.74467,19.61966,56.73011,3.32629,4.32618,3.35562,1655.4165099999996,0.05856653597951272,0.0
166,-69.1,-32.48,-64.87814354949582,-35.18793199362038,21.0,0.0,59.247656063759614,56.17827,2268.11951,2268.11951,96.38887,45.97692,-25.05926,12.87051,118.84397,33.59652,5.13581,15.7853,1599.4478999999997,0.2755054301736732,0.0
167,-70.47,-37.43,-64.52404328229038,-40.98246935906636,27.0,0.0,46.255954638292586,54.29954,1827.64978,1827.64978,32.01241,67.06459,-27.18224,7.11169,54.35871,54.68411,19.65394,45.17098,1160.8378699999998,0.7883823033352624,0.0
168,-69.97,-32.57000000000001,-35.941182790047876,-37.49575983392517,101.0,0.0,38.300208609728585,55.87994,1273.35938,1050.57446,37.86866,68.91022,-36.42596,14.13361,58.57981,44.68836,2.67159,37.33866,1599.4478999999997,0.6516826262636125,0.0
169,-69.43,-32.25,-65.22320699297859,-34.96244485712403,21.0,0.0,59.50574245883538,56.17827,2268.11951,2268.11951,96.38887,45.97692,-25.05926,12.87051,118.84397,33.59652,5.13581,15.7853,1655.4165099999996,0.2755054301736732,0.0
170,-67.78,-24.57,-62.89486972814765,-27.664075083446072,24.0,0.0,67.08326734370324,56.23844,3165.09354,3165.09354,60.29139,52.54258,-26.40387,13.23031,83.09773,36.114,4.92984,23.48961,2493.26622,0.40997098518759045,0.0
171,-67.73,-24.58,-31.695887719659403,-30.476283584178084,107.0,0.0,26.33265750606055,56.04121,2165.55849,155.12808,58.48634,61.06198,-41.71939,20.12907,87.14692,32.81295,1.57895,20.63259,2493.26622,0.36010654305213985,0.0
172,-69.44,-32.13999999999999,-37.88996028446524,-39.24328889642049,151.0,0.0,28.263457448288804,56.48332,1367.61434,1141.70829,83.79988,-9.56338,11.22087,-26.94689,57.73605,70.83147,10.83061,50.81588,1655.4165099999996,0.8869044593313349,0.0
173,-67.48,-16.920000000000005,-34.49409610690513,-20.129384129385155,168.0,0.0,22.190791590928026,54.53695,832.55948,832.55948,38.35658,6.37309,-23.15342,-17.60968,36.54384,6.88272,-23.40244,10.66622,3050.40547,0.1861607033066193,0.0
174,-66.6,-18.44,-33.89450222302753,-21.966711967280986,167.0,0.0,17.156202420895045,55.64569,777.81578,777.81578,36.15458,12.12276,-20.46672,-20.7868,33.82997,12.53573,-14.95671,20.33224,2995.4704500000003,0.354864503880153,0.0
175,-65.75,-19.63,-60.169861724152135,-23.083008654766925,27.0,0.0,62.834753764878755,55.40974,3557.59427,2886.36115,74.55477,40.7483,-22.71392,19.22501,92.59782,18.47214,-8.81474,11.28171,2939.8251600000003,0.19690305918497095,0.0
176,-66.45,-20.95,-52.289183498096065,-24.472833370088388,58.0,0.0,38.791859166188594,55.70364,2715.24122,2715.24122,-24.72447,-21.59198,-31.30048,-26.82874,-0.42071,-13.8269,-4.95151,88.25718,2772.84261,1.5403787898698884,0.0
177,-66.03,-20.91,-32.44304649538194,-27.93564266655986,142.0,0.0,8.578192559742686,55.70239,221.79473,0.28935,52.55473,-23.9307,11.24581,7.86107,59.02617,32.25848,-6.19001,28.65711,2772.84261,0.5001609460478936,0.0
178,-66.79,-18.14,-33.41700355552466,-20.445104106383717,172.0,0.0,18.697181532577538,55.68277,998.88469,998.88469,42.25364,12.65504,-20.21151,-21.08322,39.85312,8.12081,-14.97637,11.5174,2995.4704500000003,0.20101646595550496,0.0
179,-67.13,-17.95,-32.35315776951184,-24.875981331739336,138.0,0.0,6.582951812449149,55.32912,387.86443,-55.31454,31.94444,-8.40407,34.79083,-20.2808,24.85733,95.83126,-15.65948,75.45872,2995.4704500000003,1.3170030575569833,0.0
180,-66.19000000000001,-20.630000000000003,-29.883627125905235,-26.66629619098842,108.0,0.0,21.198223287363763,56.39292,56.39292,56.39292,51.70313,67.88718,-43.83535,22.23123,79.74856,-7.18945,-0.22282,5.15137,2828.7525600000004,-0.08990842617303732,0.0
181,-66.36,-20.48,-60.77059967808058,-23.94753676338309,27.0,0.0,64.06427559390765,56.01692,3446.15929,2997.79613,76.175,35.77341,-21.32562,20.6875,92.49037,12.36311,-12.70044,7.61355,2828.7525600000004,0.13288147776654088,0.0
182,-71.42,-30.25,-40.45884012704865,-34.68387648944547,161.0,0.0,18.031923405520637,56.94536,1494.28083,272.37441,47.48328,-8.94286,11.05256,-26.87883,23.46978,45.04626,12.83462,62.4798,1823.3410699999995,1.090478356120755,0.0
183,-69.61,-24.4,-32.402207559213565,-31.025196558793983,110.0,0.0,25.951241377972384,56.11302,2220.95074,208.07648,63.0294,60.22722,-41.35912,22.1801,90.76394,30.5942,2.27158,18.62765,2493.26622,0.32511372104047326,0.0
184,-69.92,-22.53,-37.817481012142956,-27.898216515381606,158.0,0.0,12.91522253428677,55.78825,501.2966,501.2966,21.42874,25.53477,8.52976,-26.82381,1.93831,1.72638,10.88185,41.69028,2717.40785,0.7276322356835235,0.0
185,-69.85,-27.41,-69.35523871679366,-27.779561717143707,3.0,0.0,43.02794369732576,55.63166,2213.5337,2213.5337,67.94375,44.66405,-18.36258,10.59948,86.22777,34.31707,10.5437,21.70165,2213.18655,0.3787652083456736,0.0
186,-69.17,-23.16,-35.07987296747812,-28.385443689534245,103.0,0.0,26.04131838280296,55.94762,2333.80501,-10.82274,36.36821,68.1477,-44.29211,16.67356,68.90015,42.41779,1.53462,31.61818,2661.36088,0.5518412673467734,0.0
187,-69.23,-27.870000000000005,-53.06800706909356,-30.460554260321864,67.0,0.0,26.184350097795903,55.48362,1929.86502,1929.86502,-11.21622,28.59382,-21.29239,-13.03437,8.35085,13.72454,17.67263,58.6811,2157.5748599999997,1.0241785771000953,0.0
188,-69.26,-20.04,-68.60786838699276,-20.53259755677949,4.0,0.0,46.99395649340914,55.11932,2940.71326,2940.71326,78.1277,16.04783,-13.65243,16.90976,91.90514,-0.51757,-11.69369,0.32266,2939.8251600000003,-0.005631507972283043,0.0
189,-69.08,-24.13,-31.069093802902408,-30.68037003101188,127.0,0.0,16.35583415639269,56.85131,56.85131,56.85131,82.05712,44.47069,6.36696,20.41034,58.86149,168.09383,4.71279,70.70125,2549.28917,1.2339696780199407,0.0
190,-68.9,-22.28,-64.85614504616034,-24.986411072259244,21.0,0.0,69.92434990481198,56.25394,3333.80669,2883.88298,100.35375,45.19093,-26.07891,13.08112,125.0314,32.56153,4.08487,14.59712,2717.40785,0.2547678116423656,0.0
191,-68.71,-20.96,-34.310239382898715,-26.337403071470067,104.0,0.0,23.970416380621977,56.35771,56.35771,56.35771,27.01568,75.61777,-44.97977,19.49016,56.61945,6.35916,-1.09816,6.40826,2828.7525600000004,0.11184533721598504,0.0
192,-68.74,-21.95,-36.52909251286878,-27.421648298252396,158.0,0.0,12.001827064299626,54.53904,555.83565,555.83565,27.68773,19.39105,1.50633,-28.07878,3.21338,1.08077,-3.42491,18.58952,2772.84261,0.3244490128092508,0.0
193,-68.89,-20.92,-57.56094222134015,-26.59675304734409,50.0,0.0,47.037017291381424,60.13211,4351.58025,3024.11282,46.15309,-16.53334,-18.33447,10.74754,45.13154,-48.77076,-12.49332,47.21941,2828.7525600000004,-0.8241341648402369,0.0
194,-70.3,-33.15,-38.61111096445859,-40.10778620622395,146.0,0.0,29.38592126273858,56.9474,1209.70468,558.83986,70.24042,-9.80671,1.94538,11.38821,65.37495,44.79966,11.09192,34.42177,1543.4824599999997,0.6007732474258484,0.0
195,-69.72,-18.290000000000003,-56.18551600367711,-22.27365358014562,56.0,0.0,43.75284504932169,54.86035,3051.38491,2719.52789,-4.08842,-58.99074,-48.73821,-8.81532,26.3352,-68.53588,-29.27391,68.98052,3050.40547,-1.2039371679567012,0.0
196,-68.83,-21.92,-60.65109053916893,-25.93768078876396,37.0,0.0,57.92253666972223,55.58184,3392.90085,3056.48414,14.84784,12.79806,-26.87107,3.14951,33.29568,-2.14648,-5.13465,3.6886,2772.84261,-0.06437813513719105,0.0
197,-68.73,-21.12,-64.44914899735721,-23.959914065800916,22.0,0.0,70.3118979473011,56.04328,3446.40466,2660.53883,110.00387,13.60579,-21.52126,20.45097,129.97056,-6.40396,-12.3383,2.82082,2828.7525600000004,-0.04923257307078223,0.0
198,-69.55,-26.250000000000004,-36.43934649099349,-27.343436509914156,176.0,0.0,11.758842329253056,55.75206,331.50584,331.50584,25.9585,28.0805,-10.60509,-27.74284,26.69345,22.91645,9.78211,40.64625,2325.21126,0.7094107571346694,0.0
199,-69.08,-22.989999999999995,-63.23936593795882,-26.655172440848087,28.0,0.0,63.95710029602049,56.28759,3278.5878,3166.01262,61.09146,60.10403,-26.18164,13.87124,82.51435,41.5312,3.67971,26.71707,2661.36088,0.4663008283041985,0.0
200,-70.46,-34.09,-40.09209356768487,-37.352189317962726,166.0,0.0,21.846813565088844,54.66521,1153.55761,613.36132,50.044,-1.73245,-7.39542,-29.21442,30.75558,71.32892,22.05002,66.67527,1487.5202099999997,1.1637031109217744,0.0
201,-69.06,-22.97,-30.735109458575252,-28.356327949024955,119.0,0.0,16.060325932910615,56.15253,2334.00398,319.2484,50.44952,15.03581,-1.88176,-18.89269,43.88707,7.98962,4.15076,10.31767,2661.36088,0.1800774254204026,0.0
202,-68.82,-23.41,-36.05535966618597,-28.131761299574773,100.0,0.0,31.441096357202678,55.89598,2333.88442,-9.52117,36.6135,68.31353,-37.78881,3.80249,62.03035,75.34218,0.86872,50.53486,2605.31534,0.8819996905984754,0.0
203,-69.87,-26.770000000000003,-69.04582779214621,-27.38725615468703,5.0,0.0,44.318523618849575,56.06735,2379.50391,2379.50391,71.37016,38.43389,-17.4786,12.15982,88.76016,26.73565,5.70383,16.76295,2269.19769,0.29256860482159247,0.0
204,-69.08,-24.2,-36.544270106744094,-31.436336819517763,148.0,0.0,12.965674748665982,55.55007,55.55007,55.55007,62.71469,-9.63451,7.97155,10.63786,55.49543,49.65944,9.19531,41.8234,2549.28917,0.7299560411004462,0.0
205,-69.07,-24.270000000000003,-34.04652903870934,-31.18659639318601,136.0,0.0,14.070383821663103,55.92781,55.92781,55.92781,44.33711,13.77419,41.93132,-3.2759,-10.45625,105.34779,8.46161,84.3317,2549.28917,-1.4718657743613308,0.0
206,-69.88,-28.63,-43.400061952679096,-32.58555731713777,86.0,0.0,10.944202225921925,56.68097,56.68097,56.68097,48.9908,47.04228,-62.66729,12.09992,102.33473,23.32182,3.47538,12.8383,2101.9885699999995,0.22407052249852352,0.0
207,-69.28,-27.27,-30.895970903637174,-33.80675829802377,112.0,0.0,27.018322985034164,55.80196,1718.85748,713.89675,59.22046,19.03949,-45.55787,-11.12718,98.01369,14.76061,9.76243,8.56424,2213.18655,0.14947418176554955,0.0
208,-69.08,-20.18,-67.60975917967512,-21.293257277809538,9.0,0.0,53.33783619049182,55.2077,3551.67621,2881.06223,93.95997,8.06001,-12.57792,17.79883,106.57213,-9.09018,-15.00377,4.8753,2939.8251600000003,-0.08509007744605492,0.0
209,-68.75,-22.67,-54.6875008059936,-26.151467317601846,58.0,0.0,37.50125472652134,56.27975,2659.53758,2659.53758,-20.49996,-25.98825,-25.15977,-32.3177,1.47199,-13.72431,6.17972,83.8782,2717.40785,-1.4639505682990548,0.0
210,-69.03,-27.23,-37.768953402278946,-30.925514285818657,165.0,0.0,13.526988938217984,55.18791,110.23645,110.23645,15.93465,27.66222,11.40285,-26.21496,-2.15155,4.5949,15.94716,64.90877,2213.18655,-1.1328719022066345,0.0
211,-69.51,-23.450000000000003,-35.41216434659811,-28.695918407836015,103.0,0.0,26.67842707456181,55.95285,2277.85739,45.12488,37.56825,67.59042,-43.60896,17.33609,69.01711,41.37828,0.6742,30.94423,2605.31534,0.540078658318241,0.0
212,-70.27,-33.13,-38.247611827098,-34.59910362709336,174.0,0.0,19.524836638066578,54.68758,1110.66417,12.45349,44.38425,4.44114,-3.6021,-29.93499,16.46217,70.72198,28.01359,76.89643,1543.4824599999997,1.3420958266455076,0.0
213,-70.5,-31.71,-37.78886260201954,-32.476328686199786,177.0,0.0,14.358587808121266,54.73151,1110.64925,11.82045,43.70402,4.29694,-3.61788,-29.93363,15.50474,70.54924,27.39006,77.60505,1711.3882599999995,1.3544636088687318,0.0
214,-68.91,-22.38,-37.76810563511396,-26.98146064015233,96.0,0.0,43.126514267298575,55.3466,2110.84284,101.25742,-16.49181,217.84231,-37.3225,7.02423,-13.47983,217.48922,-4.48648,86.45338,2717.40785,-1.508896205724924,0.0
215,-69.24,-22.56,-36.56694129699714,-27.31510481225778,100.0,0.0,30.297562102004857,55.89638,2389.7808,-65.41755,36.36489,68.358,-37.79562,3.75643,62.13361,75.41785,0.93452,50.51632,2717.40785,0.8816760858436317,0.0
216,-69.02,-27.17,-57.541636206468034,-32.84785626186359,50.0,0.0,42.07776434974791,60.42257,3808.04085,3567.65222,38.13266,-2.46887,-17.54051,4.95415,43.39357,-33.64829,4.79093,37.79075,2213.18655,-0.6595731025623854,0.0
217,-69.28,-19.81,-67.05922532871492,-21.417029713775282,13.0,0.0,58.202410891107746,55.49913,3553.64705,2882.96624,98.877,19.50642,-20.40721,18.01044,119.43882,2.76494,-6.56884,1.32613,2939.8251600000003,0.023145291054460372,0.0
218,-68.97,-22.47,-63.65123359480136,-25.85904060497343,26.0,0.0,66.12091381249144,56.27473,3334.20665,3109.11648,62.38657,52.01668,-26.24373,13.79997,84.86354,34.70997,3.72731,22.24502,2717.40785,0.38824873521071507,0.0
219,-69.12,-23.3,-36.295090624803194,-25.379605802780844,172.0,0.0,13.339326297963847,55.78201,665.23305,665.23305,28.35091,29.06554,-9.67886,-27.86756,27.71058,23.867,10.83931,40.73818,2661.36088,0.7110152865420601,0.0
220,-69.42,-26.49,-61.89467082224928,-30.51028771034542,34.0,0.0,57.028815532428155,56.28608,2886.46416,2886.46416,9.53188,16.94911,-26.37296,-0.90783,29.23649,6.70837,3.9636,12.92293,2269.19769,0.22554782259325426,0.0
221,-70.25,-27.480000000000004,-38.39012166695578,-30.12918351816863,169.0,0.0,14.601773221463276,55.19274,219.50181,219.50181,17.9988,31.74891,-7.53236,-28.79109,15.87315,26.27106,17.78785,58.85935,2157.5748599999997,1.0272894175781762,0.0
222,-69.83,-21.92,-63.01994828586536,-25.925622733197304,32.0,0.0,61.51778820069632,55.59708,3391.88965,3055.45581,68.08451,39.706,-25.24702,4.81685,87.6059,29.99182,-4.48408,18.89861,2772.84261,0.32984287419458924,0.0
223,-68.8,-21.0,-30.58952734271764,-26.763594295467335,123.0,0.0,9.984376385161987,56.38069,3559.04065,418.67035,82.6171,-3.29815,8.57052,20.62306,106.9733,143.97143,-10.46033,53.387,2828.7525600000004,0.9317789801050824,0.0
224,-68.97,-19.87,-67.18186268752824,-21.199613424370735,11.0,0.0,55.962883554125426,55.50707,3553.20355,2882.60779,93.3792,17.82798,-14.5883,11.89388,107.89903,6.76644,-6.31336,3.58837,2939.8251600000003,0.06262883786511005,0.0
225,-69.27,-27.38,-37.87035685195992,-30.818361200757636,166.0,0.0,13.791502624187826,55.63043,55.63043,55.63043,18.69362,26.23499,-10.70343,-27.72386,15.02097,25.515,11.49671,59.5142,2213.18655,1.0387186594102717,0.0
226,-70.3,-28.500000000000004,-63.00649117208726,-32.5391553323182,33.0,0.0,56.041518737791165,55.77219,2718.42191,2718.42191,46.22803,57.58192,-25.37577,-2.91091,66.58263,53.71239,13.17386,38.89322,2101.9885699999995,0.6788146362077092,0.0
227,-70.27,-33.14,-37.87824266718838,-37.83182350190317,97.0,0.0,35.28863718846571,55.9089,1049.813,1049.813,-28.63934,213.17958,-37.3262,2.47972,-45.53722,214.99065,2.99334,78.04092,1543.4824599999997,-1.3620709902775565,0.0
228,-69.23,-25.22,-68.07438443403643,-26.084545585506156,7.0,0.0,47.82458581340938,56.09736,2715.58074,2715.58074,85.16746,40.79568,-17.63127,12.19198,102.49847,29.06975,5.73037,15.83395,2437.24556,0.2763545428403264,0.0
229,-69.34,-22.88,-31.701743105435288,-29.460020462292874,111.0,0.0,25.238076246091,56.09155,2165.59857,152.45044,64.70415,12.39349,-46.96961,-5.86999,103.82595,3.76184,2.9458,2.07504,2661.36088,0.036216332729758126,0.0
230,-69.3,-22.84,-33.017754651285564,-29.02225854608157,108.0,0.0,26.48390880282117,56.05749,2389.69288,-69.67562,62.25524,60.74867,-43.50518,20.11191,93.69869,32.36756,2.71564,19.05711,2661.36088,0.33260940971398045,0.0
231,-68.95,-22.42,-60.75409090030229,-26.441473255362947,37.0,0.0,57.69838792368707,56.31432,3337.31901,3112.06598,12.09582,14.67748,-26.98688,-0.60656,32.34815,2.43192,2.8565,4.29938,2717.40785,0.07503841066188946,0.0
232,-72.15,-46.03,-34.035599943945975,-52.21758445554349,125.0,0.0,50.02393096623655,55.08629,823.20374,823.20374,186.45443,-37.67985,11.88979,19.76819,187.18942,117.90839,-5.78049,32.20634,55.26908,0.5621066411604262,0.0
233,-68.64,-20.989999999999995,-49.78535364184896,-23.883972140650574,72.0,0.0,27.439058237455605,56.03396,2269.03538,2269.03538,-0.30437,44.42328,-50.65688,15.20205,37.90336,7.41165,-8.01563,11.06405,2828.7525600000004,0.19310412906860705,0.0
234,-70.23,-32.88,-31.673462230938995,-38.452438164335284,118.0,0.0,25.079513216788193,56.01335,1214.79662,1214.79662,9.14387,12.94712,2.64608,-19.10182,4.79543,-50.93405,5.73339,84.62147,1543.4824599999997,-1.4769232557132765,0.0
235,-69.09,-24.24,-36.26000674518699,-28.9788699665072,100.0,0.0,32.71824622670019,55.89837,2222.09007,102.27318,37.98632,67.73864,-37.71244,4.38564,62.78194,74.37668,-0.0164,49.83202,2549.28917,0.8697329163916931,0.0
236,-77.32,8.49,-77.32840664056882,6.1489816643147215,31.0,0.0,67.30490431481655,53.86856,275.76218,275.76218,83.23087,-54.31953,3.24804,-10.83313,95.13708,-42.15798,-63.18195,23.89951,6107.563290000002,-0.4171251615494257,0.0
237,-75.03,3.52,-37.66145089699487,-2.5143854452538346,116.0,0.0,34.32190513865957,54.49636,2990.71649,413.44205,73.48707,5.02915,-6.11304,-24.65263,97.39505,-79.39871,18.74738,39.18772,6107.563290000002,-0.6839547326790195,0.0
238,-75.3,4.18,-70.51725441461309,0.6841964923413769,26.0,0.0,72.48926632326415,55.60643,55.60643,55.60643,95.27551,6.08942,-5.02852,7.91984,108.12544,-21.40861,-27.99224,11.19959,6107.563290000002,-0.19546972408887944,0.0
239,-76.67,1.24,-76.04312207956578,0.7427281320240574,4.0,0.0,27.94746436928812,56.07478,5996.97607,-4.24166,32.55054,56.08601,-22.23451,0.59241,54.80704,56.09588,37.07083,45.66583,6051.7942600000015,0.79701897539309,0.0
240,-76.75,7.05,-76.84444121630347,6.194275931324202,8.0,0.0,64.97508270725035,53.77576,493.80362,-56.18778,76.61089,-27.45741,2.37595,10.47105,82.13313,-49.09089,-39.31324,30.86672,6107.563290000002,-0.5387258738200467,0.0
241,-76.5,6.7,-67.70899881865806,1.8861012512194675,43.0,0.0,77.24347261244321,55.59913,1553.515,-4.1861,27.58223,25.62371,13.28463,-15.41957,13.12163,40.15523,-105.19254,71.90402,6107.563290000002,1.254961983449842,0.0
242,-76.88,2.1,-41.63634086126183,-4.182349134714103,143.0,0.0,53.28070701341929,55.91374,3216.87632,297.56946,30.49125,78.13616,6.75095,21.26546,42.58938,24.40471,44.38211,29.81372,6107.563290000002,0.5203475201315042,0.0
243,-79.15000000000002,-1.67,-45.21040559234491,-6.813684674985335,156.0,0.0,54.20323440457638,55.80269,3262.57125,1472.35147,41.78447,41.66011,4.42731,-30.15277,35.39176,25.17194,15.89728,35.42185,5491.526960000002,0.6182280328565203,0.0
244,-79.12,-1.38,-57.84563838509704,-4.300714119458484,76.0,0.0,49.82243326547983,56.09842,5037.30209,1578.52338,3.01697,61.0417,-52.0063,-5.76379,57.78844,38.35817,17.73322,33.57497,5491.526960000002,0.5859937824118974,0.0
245,-79.42000000000002,-2.93,-74.11609143438147,-6.765067696672533,28.0,0.0,47.28618194610851,56.31137,5934.79004,509.81039,76.0703,67.75094,-26.38981,14.03999,100.96639,51.18285,5.86767,26.8818,5323.604040000002,0.4691758955975509,0.0
246,-78.88,-4.02,-68.83809744140218,-9.583398147654945,47.0,0.0,69.18689909453887,61.14289,6822.60095,574.87413,87.60682,53.92228,-30.31579,16.01113,111.22658,24.23612,6.49213,12.29253,5211.449710000002,0.2145450695467451,0.0
247,-78.95,-4.25,-43.76196182651008,-4.24780202902807,178.0,0.0,57.144093607594634,55.94249,3213.19273,1094.77,54.35547,42.9817,-5.03445,-24.3197,58.86086,39.44791,11.10708,33.82956,5155.370840000001,0.5904372859746315,0.0
248,-79.33,-3.58,-71.90113240897082,-7.893410691382294,37.0,0.0,58.165424538134495,56.32649,5878.41084,570.97416,40.39334,33.62611,-27.84336,-1.01315,63.22651,23.04675,5.85759,20.02735,5267.528980000002,0.34954315845951506,0.0
249,-79.68,-3.05,-45.57199195772331,-9.444110680399199,147.0,0.0,50.52362090696745,56.27612,2262.77162,1139.57345,57.33533,53.1201,14.90002,15.07582,39.02474,1.14677,12.14914,1.6832,5267.528980000002,0.02937726387109405,0.0
250,-78.58,0.33,-78.42282164033774,0.2062828154605598,1.0,0.0,17.90147803080054,55.97065,5771.93389,329.29676,44.90686,48.64026,-21.67089,4.99076,66.59439,43.73402,25.17151,33.2938,5771.718730000001,0.5810863983125036,0.0
251,-80.0,-4.33,-66.38012708142828,-8.140006348438247,56.0,0.0,66.61277040572006,56.36049,5154.44766,616.46514,53.68581,-32.07419,-45.02996,-43.06545,94.15519,-14.53055,8.2721,8.77299,5155.370840000001,-0.15311759109735015,0.0
252,-78.9,-4.65,-68.5924287263574,-10.378502456446816,48.0,0.0,69.02988090420007,60.51643,6656.33095,717.87384,86.21543,51.05907,-30.02262,14.36027,108.69624,21.87395,6.60116,11.37819,5155.370840000001,0.19858686354877486,0.0
253,-78.5,-3.6,-43.954972815308466,-9.803010105523798,144.0,0.0,49.8084136833349,56.24274,2263.45595,1140.69284,57.49075,53.01943,14.9046,15.07409,39.70992,0.90482,12.53528,1.3053,5267.528980000002,0.022781800053553573,0.0
254,-79.58,-4.2,-44.931286373030076,-5.418618519642355,172.0,0.0,57.8723460728007,55.98539,3211.70473,1203.47435,52.10028,44.28396,-5.03469,-24.3188,54.26557,41.03171,12.22752,37.09394,5155.370840000001,0.647411425550776,0.0
255,-78.42,-3.6500000000000004,-73.32868662480554,-7.3270283149891124,27.0,0.0,47.98018936014468,56.30496,5878.54607,565.40936,74.37583,63.30515,-26.5688,13.72526,99.62706,47.51127,6.46419,25.49607,5267.528980000002,0.4449902692683736,0.0
256,-79.13,-1.57,-76.62452668976967,-3.4963246142329245,15.0,0.0,37.874938974121484,55.99875,6104.01385,333.48399,82.50007,35.81407,-24.38013,12.45415,107.98924,25.70859,9.60794,13.39092,5491.526960000002,0.23371571789123277,0.0
257,-79.25,-4.25,-46.03320020718103,-10.171411501795298,104.0,0.0,50.05922284952799,56.35043,2306.90205,1746.82929,32.91528,85.44877,-57.09163,7.94345,85.516,33.24874,5.98955,21.24615,5155.370840000001,0.37081528554970217,0.0
258,-78.6,-3.7800000000000002,-72.82986311188309,-7.902673831133585,30.0,0.0,49.863604183427874,56.32789,5878.34085,567.58353,74.75181,68.94354,-26.47215,13.90574,99.57059,52.23399,6.34571,27.68117,5211.449710000002,0.4831275382130521,0.0
259,-77.9,-8.56,-62.07540364634497,-11.057494760716162,63.0,0.0,60.06493397112765,55.99317,4260.5613,1395.00183,-2.56409,10.65189,-30.07291,8.49549,14.1641,-12.5685,-29.48591,41.58423,4484.406400000001,-0.725781469998272,0.0
260,-75.92,-13.23,-63.700275793012416,-18.045294903868808,53.0,0.0,58.41603940301316,58.40078,5409.46672,2002.28533,-12.04315,-66.52453,-56.30355,5.46176,21.11081,-81.319,-44.42616,75.44699,3872.1732899999997,-1.3167983962095025,0.0
261,-73.58,-15.820000000000002,-40.854517311863965,-22.171751997480833,153.0,0.0,19.99222231822656,52.77359,487.23339,487.23339,47.02693,-16.64571,-22.89332,-17.34727,9.49739,-11.05403,-55.88326,49.33154,3432.7810499999996,-0.8609974814480268,0.0
262,-78.18,-8.17,-41.808681218991005,-14.806787211831761,134.0,0.0,35.50244969004867,55.64705,1149.94997,1149.94997,19.6287,46.99892,20.32107,-28.52107,-38.88469,37.97764,-26.78078,44.32388,4540.082800000001,-0.7735977418204945,0.0
263,-75.15,-14.18,-62.916437311716074,-18.999088050938628,53.0,0.0,56.02624064678254,58.26807,5292.73094,2119.02112,-13.34691,-66.61195,-55.55515,5.07681,19.12187,-81.18059,-44.29497,76.74573,3706.71098,-1.339465758331183,0.0
264,-71.35,-14.96,-61.9470543334509,-19.6364830983258,43.0,0.0,62.16145613515819,58.96527,5063.95282,2399.73665,81.70184,-24.69196,-3.02611,32.12969,66.60376,-60.85776,-45.95393,42.41884,3378.69739,-0.7403483919869603,0.0
265,-79.28,-6.08,-45.63016305594523,-9.85451199080801,161.0,0.0,48.01931286281877,55.96613,2594.36505,1923.72996,52.99956,16.07545,-10.62486,-28.57196,37.31237,7.13399,-14.84678,10.82412,4820.128840000001,0.1889163863247368,0.0
266,-69.9,-17.68,-57.13094071608642,-22.217172128574457,54.0,0.0,47.19336433914259,58.35577,4664.42755,2642.0185,-5.88127,-67.06867,-50.79311,-5.73928,24.27363,-76.90521,-33.24237,72.48272,3105.50119,-1.2650620185619024,0.0
267,-78.61,-6.76,-75.69318886740838,-8.977947812054325,17.0,0.0,42.65868012383951,56.12853,5375.24758,1063.27247,90.02813,7.77262,-14.50935,23.24845,108.61843,-12.37457,-21.23746,6.49951,4708.085680000001,-0.1134378863473279,0.0
268,-76.25,-10.63,-54.72188701415085,-13.706874043715496,77.0,0.0,54.10010851339116,55.61571,3639.50798,2976.65766,-0.1653,61.01438,-40.37003,34.88725,15.53396,1.02348,-30.26394,3.76957,4149.62273,0.06579152092352164,0.0
269,-71.55,-16.55,-56.77853610964616,-19.450773489451752,60.0,0.0,44.06720655935781,54.59482,3155.02871,2495.84523,-28.81842,-1.41434,-43.93693,-0.20348,-2.10923,-12.94039,-42.26965,80.74242,3269.43081,1.4092213569157424,0.0
270,-71.59,-16.539999999999996,-61.153924778176155,-21.9755408437382,47.0,0.0,56.2622285313654,58.43306,4905.94951,2491.52558,77.33807,-26.94034,-2.37263,32.33397,61.55063,-62.41865,-45.49803,45.40117,3269.43081,-0.7923999449281321,0.0
271,-72.33,-14.030000000000001,-43.97399894990103,-18.605999335854996,90.0,0.0,46.965004289469164,53.81943,53.81943,53.81943,77.54101,-15.07089,-26.55968,55.56235,87.66024,-75.30167,-48.1251,40.66315,3432.7810499999996,-0.7097058810346576,0.0
272,-71.36,-16.77,-63.44636458268755,-20.87388859353795,37.0,0.0,63.10349800208501,54.00632,3833.23989,2616.1451,25.42942,-2.73216,-18.46188,20.28154,30.01335,-26.40449,-45.88406,41.33996,3214.7205599999998,-0.7215185486074266,0.0
273,-75.42,-14.23,-42.09318324172115,-16.44455548314801,169.0,0.0,31.17845268001176,55.06338,1763.02133,1763.02133,52.71055,-4.12849,-25.32762,-11.14276,48.87657,-6.2732,-36.766,7.31381,3761.8209899999997,-0.127649915720963,0.0
274,-71.77,-14.46,-38.45521625305141,-21.454513795874483,147.0,0.0,18.810908612008653,53.08568,378.68849,378.68849,52.41878,-8.02954,15.55851,-1.69346,2.24631,-23.67182,-45.18213,84.57921,3378.69739,-1.4761857881291331,0.0
275,-71.26,-14.949999999999996,-65.42459632031405,-18.803203809250984,29.0,0.0,66.51228010314773,54.29476,3994.37798,2450.87623,90.8351,-10.22916,-6.43554,29.13501,91.28271,-39.13317,-45.46711,23.20496,3378.69739,-0.4050029211228355,0.0
276,-72.35,-14.18,-43.98809342077884,-18.756657793476116,90.0,0.0,47.272458859358025,53.81943,53.81943,53.81943,77.54101,-15.07089,-26.55968,55.56235,87.66024,-75.30167,-48.1251,40.66315,3432.7810499999996,-0.7097058810346576,0.0
277,-70.71,-17.05,-39.99907786924283,-21.770647485099797,96.0,0.0,36.007148118180886,54.08174,162.0449,162.0449,71.86416,36.47226,-24.72799,28.69589,70.52321,-2.45706,-42.31875,1.9954,3160.06366,-0.03482635788443797,0.0
278,-70.7,-17.039999999999996,-36.875265027846524,-18.30964325063541,175.0,0.0,22.559147858004522,54.60965,1218.84018,1218.84018,46.98567,-6.35767,-26.33537,-11.75503,44.23328,-10.67498,-37.79588,13.56796,3160.06366,-0.23680563724005965,0.0
279,-78.32,-7.02,-43.242999349559604,-6.841282707369664,179.0,0.0,49.6115903696926,55.89641,2711.85305,1596.86159,63.58396,13.32404,-17.25388,-18.84225,65.67124,7.99437,-16.94379,6.94065,4708.085680000001,0.1211371674284401,0.0
280,-75.72,-13.77,-64.75748220467511,-19.539485940399658,50.0,0.0,60.35494377658062,58.46944,5341.4376,2034.25548,46.4675,-42.53647,-14.06479,20.04088,32.87906,-69.20025,-45.08501,64.58624,3816.9754299999995,-1.1272425732386857,0.0
281,-79.12,-6.36,-78.02854428727086,-7.233650758342622,7.0,0.0,30.223935799371628,56.09074,5098.42994,1116.94233,89.43879,-7.45933,-10.83602,19.18249,100.85991,-26.02532,-21.14447,14.46867,4764.103460000001,-0.25252598073524435,0.0
282,-78.58,-7.12,-54.56407139675286,-10.564833818995206,82.0,0.0,46.648169776062865,56.03899,4197.66197,2420.33906,-21.09577,66.11676,-48.49003,25.75732,7.78757,7.08388,-18.11125,42.29089,4708.085680000001,0.7381152478342047,0.0
283,-72.99,-14.46,-42.501591807466504,-19.314625440350525,96.0,0.0,34.74751078033448,53.95757,483.14517,483.14517,78.56158,26.56462,-20.47556,31.77166,73.55263,-11.76329,-49.13269,9.08638,3432.7810499999996,-0.15858724579399894,0.0
284,-73.13,-14.16,-35.160915473073,-19.965081213199873,123.0,0.0,22.25361473598177,53.84601,107.62515,107.62515,-12.47006,-38.12518,18.16685,11.40468,-27.67412,-62.81134,-46.1956,66.22213,3596.62819,1.1557943007147158,0.0
285,-76.14,-12.98,-75.19720495292299,-13.727852222727076,6.0,0.0,41.334069523266656,55.20179,4094.2261,2010.7306,82.75624,-42.36006,-2.10172,21.74221,85.32352,-63.76019,-44.79865,36.76987,3872.1732899999997,-0.6417552520287574,0.0
286,-77.77,-8.22,-48.7264377417349,-13.155595995026342,93.0,0.0,38.620708783533,55.55865,1200.29926,1200.29926,88.86757,4.17427,-26.30695,26.28761,93.72629,-39.7158,-34.2566,22.96443,4484.406400000001,-0.4008049391343847,0.0
287,-78.32,-7.300000000000001,-67.97771644671509,-13.022918474200166,48.0,0.0,69.2515991769994,60.2845,6235.12889,1139.07589,95.73136,5.58162,-18.62962,26.52718,99.89145,-30.40923,-21.41626,16.93144,4652.075990000001,-0.2955094087644836,0.0
288,-78.36,-6.910000000000001,-65.68390017844669,-11.38630917083245,54.0,0.0,67.66367333687742,59.81299,6244.18194,1062.26412,29.14003,-60.08473,-58.82391,-17.61409,70.46503,-61.43628,-20.16371,41.08417,4708.085680000001,-0.7170539742988989,0.0
289,-69.66,-14.999999999999998,-31.613014770339237,-20.5650247088048,118.0,0.0,24.72913999758307,52.90695,52.90695,52.90695,-18.94342,-22.94916,-19.5936,-5.81896,-91.24696,-72.70845,-57.63845,38.54894,3214.7205599999998,0.6728059282291635,0.0
290,-78.0,-8.79,-40.62214627224221,-15.257170472471495,114.0,0.0,51.95745551527565,55.52943,1142.11551,1142.11551,12.76618,-28.91285,-19.42203,-13.75269,-37.16355,-99.9989,-33.06479,69.61294,4428.555510000001,1.2149750210180275,0.0
291,-75.35,-13.93,-42.11716564052645,-20.649809034913314,147.0,0.0,21.849639371342302,54.5895,756.22695,756.22695,58.58557,-3.49496,16.93548,-0.38227,8.84321,-23.03796,-39.74719,69.0005,3761.8209899999997,-1.204286047363798,0.0
292,-76.08,-11.48,-43.950095145624346,-16.842393386863055,101.0,0.0,36.35549910188316,54.8546,1190.90698,1190.90698,77.25653,40.29418,-31.96652,41.93348,71.76161,-29.57451,-38.50603,22.39762,4093.90633,-0.39091216595668155,0.0
293,-71.31,-14.98,-54.59023489602567,-17.500740339537437,67.0,0.0,43.61264100808597,54.73734,3099.49143,2441.70938,31.92675,14.92243,-24.92012,14.00034,32.93287,-12.35373,-41.81436,20.562,3378.69739,-0.3588745887073687,0.0
294,-70.62,-17.110000000000003,-69.6531955934129,-17.85271772901776,6.0,0.0,48.213226507701314,54.65641,3328.53949,2776.4172,89.59456,-29.21665,-4.83442,21.27099,94.66201,-50.11097,-37.72833,27.89528,3160.06366,-0.48686447879625266,0.0
295,-79.31,-4.94,-45.733206303030805,-10.589512262128753,154.0,0.0,48.47487396297797,56.13205,2147.23928,1813.38033,51.10416,49.0954,3.41154,-30.37766,39.38747,23.80904,12.23124,31.15223,5099.292430000001,0.5437090073197712,0.0
296,-78.67,-6.73,-70.65748724361403,-11.057386761093897,39.0,0.0,62.72724926783565,56.14919,5373.6765,1076.3011,46.13641,13.21524,-25.08597,12.24246,60.45651,-7.46828,-22.30925,7.04216,4708.085680000001,-0.1229087716599542,0.0
297,-75.09000000000002,-13.69,-37.112535574839725,-19.12436335097203,121.0,0.0,30.74006273996365,54.09642,269.79929,269.79929,-8.81852,-39.6833,11.56758,7.99788,-19.41449,-59.05957,-46.36908,71.8029,3761.8209899999997,1.2531969602939599,0.0
298,-71.31,-14.910000000000002,-38.3989922601768,-21.93465686858809,151.0,0.0,17.739842539030647,53.93117,323.86191,323.86191,48.04991,-3.42257,-17.25992,-22.78837,8.88338,-7.68381,-40.9949,40.85864,3378.69739,-0.713117936732042,0.0
299,-70.61,-17.25,-37.243172108660744,-24.16011236408583,145.0,0.0,11.744394980533778,53.94534,163.59542,163.59542,49.62662,-2.26253,14.87833,0.05195,2.36178,-23.78566,-38.97366,84.32944,3160.06366,-1.4718264550243367,0.0
300,-76.13,-11.6,-43.993914373345916,-16.965039862101882,101.0,0.0,35.880790238565474,54.8546,1190.90698,1190.90698,77.25653,40.29418,-31.96652,41.93348,71.76161,-29.57451,-38.50603,22.39762,4093.90633,-0.39091216595668155,0.0
